{"cameraMode":{"drawMode":0,"name":"Shaded","section":"Shading Mode"},"sceneLighting":false,"audioPlay":false,"sceneViewState":{"showFog":true,"showMaterialUpdate":false,"showSkybox":false,"showFlares":true,"showImageEffects":true,"showParticleSystems":true},"in2DMode":false,"pivot":{"x":-1.6349999904632569,"y":-1.8860000371932984,"z":-13.8154296875},"rotation":{"x":-0.039043523371219638,"y":0.5063900351524353,"z":-0.022960036993026735,"w":-0.8611143827438355},"size":0.32069793343544009,"orthographic":false}